id	text
1631570395445751811	Die symboltrÃ¤chtige Kleinstadt #Bachmut bleibt hart umkÃ¤mpft. Weiter im SÃ¼den sind MilitÃ¤rangaben zufolge 45 Orte unter Beschuss geraten. Und: Der ukrainische Botschafter setzt auf RÃ¼ckkehr der KriegsflÃ¼chtlinge. Die News.\nhttps://t.co/yKKRRjE27p
1595013102936133632	Um den Klimawandel zu bremsen, ist ein Umstieg auf erneuerbare Energien nÃ¶tig. Doch auch das erzeugt zunÃ¤chst CO2-Emissionen. Wie viel, haben Forscher nun ermittelt. #Energiewende\nhttps://t.co/4wAUUxCp39
1599000892891488258	".@pascalmeiser: ""Die Ampel hat in der Mietenpolitik nichts gerissen. Von einem Mietenstopp, den SPD und GrÃ¼nen versprochen haben, ist KÃ¼che zu sehen. Nicht mal eine Begrenzung von Indexmieten, die derzeit explodieren, kriegen sie hin."" Anders Berlin @dielinkeberlin. https://t.co/gMSd6oGqVL"
1586994950738268160	Also wenn wir tiefe LÃ¶cher in die Erde bohren dann bitte fÃ¼r klimafreundliche hydrothermale Geothermie und nicht fÃ¼r fossiles Gas\n#Fracking
1618139099453624321	Die Zukunft und Sicherheit Europas ist in hÃ¶chster Gefahr, wenn Putin in der Ukraine Erfolg haben sollte. Daran lassen seine Taten und Worte keinen Zweifel. Frieden schafft man deshalb am ehesten dann, wenn man die Ukraine befÃ¤higt, Russland militÃ¤risch standzuhalten. (Spiegel)
1612341750189654017	Die SPD gehÃ¶rt abgeschafft wie das ganze Parteiensystem. \nEs ist ein totes Pferd und gehÃ¶rt auf den MÃ¼hlhausen der Geschichte. https://t.co/0c73MPx6lp
1598743355453837347	Das bedeutet - umso mehr angesichts der #Inflation und aktuellen #Teuerung -, dass es zu keiner Verschlechterungen bei Arbeitslosengeld, #Notstandshilfe und Zuverdienstgrenzen kommen darf! \n\nWir bleiben dran.
1600578464184156188	Hauptsache Neckarwestheim geht im April vom Netz. \n\n#stromproblem #Atomkraft #BadenWuerttemberg #Gruene\n\nhttps://t.co/zoX9vxrJFu
1586069589129302021	Zwei Fragen:\nWarum heiÃŸt der Mensch eigentlich Mensch?\n\nUnd was ist wenn Telefon, Gas und Elektrik unbezahlt sind?
1620034584766472192	KÃ¶nnte es ev. sein, dass #Putin die westlichen Waffenlieferungen mit seinem Angriffskrieg gegen die #Ukraine sogar begrÃ¼sst und gezielt provoziert? So gehen langsam aber sicher Ã¼berall die Waffen und Munition aus, und er und #XiJinping haben freie Handâ€¦? #WK3 ğŸ¤”
1610731362729721874	CH: #Landwirtschaft, #Tourismus und #Gastro - #Schmarotzer und #SchÃ¤dlinge des Systems https://t.co/oECMm4Vrvs #Tourismus #Landwirtschaft #Wirtschaft #Skipisten #Skiorte #Umwelt #Natur #Klimakatastrophe #Klimaschutz #Verantwortung
1602565323642773504	Statistikamt bestÃ¤tigt Inflationsrate von 10 Prozent im November https://t.co/tvxsTek3ma via @RedaktionNews #inflation #Wirtschaft #deutschkand #preise #teuerrungsrate #Statistik
1610539035034005504	Guten Morgen #Deutschland. Wir benÃ¶tigen kein #BÃ¶llerverbot sondern sichere #Grenzen und #Abschiebungen.\n#grenzendicht #AfD #UnserLandZuerst
1587835792419758080	Die EinkaufskÃ¶rbe blÃ¼hen im November. #Klimakatastrophe https://t.co/9OZIMKVRNA
1623259245301882880	Der russische Angriffskrieg i.d. #Ukraine ist eine Attacke auf unser VerstÃ¤ndnis von Demokratie &amp; Freiheit. Aussage von Van der Bellen. Und was war mit NATO-Angriff damals auf Jugoslawien??????
1607667046669492224	Und wÃ¤hrend in den USA und Kanada Menschen erfrieren, weil das Klima die ÃœberwÃ¤rme im Rest der Welt kompensiert und die Energie in extremer Weise ausgleicht, im Fernsehen natÃ¼rlich ... Skifahren.\nIn Ã–sterreich volle Pisten - beschneit.\n\nEs tut kÃ¶rperlich weh. #Klimakatastrophe
1628800495375507457	Nancy Faeser: Innenministerin lehnt Obergrenze fÃ¼r Ukraine-FlÃ¼chtlinge ab - WELT\nSiedle doch die Deutschen gleich um. Wir kÃ¶nnen ja noch kÃ¤mpfen vor Ort. Die ersten Wohnungen wurden den Deutschen ja schon gekÃ¼ndigt wegen Ukrainern ğŸ˜¡ğŸ¥² https://t.co/mIoDhiPHBf
1626147017247363077	Den WÃ¤hlerwillen gibt es nicht! https://t.co/z5DV8WmCfT via @zeitonline
1617640995600072705	WÃ¤hrend sie zugaben, dass die Absichten der Vereinigten Staaten in diesem Krieg letzten Endes offensiver Natur sind, griffen die GenerÃ¤le auf die obligatorischen LÃ¼gen und Heucheleien zurÃ¼ck, mit denen das Getriebe des Krieges geÃ¶lt wird.\n#Ukraine #Panzer \nhttps://t.co/NUlHiGEqQ6
1615408992485838858	Man sollte mal die GeldflÃ¼sse genauer betrachten die solche lobby-politiker in Gang setzen. Im Pulverdampf des Krieges war schon immer so manches mÃ¶glich, speziell in Verbindung mit der Ukraine die ja nun erwiesenermaÃŸen korrupt ist https://t.co/iNEd4wHZno
1627329414940831747	Grausam  !!!! Wer ist hier Kriegstreiber Nr.1 https://t.co/0LDc1DcCDb
1609892243770318850	Die #Handwerkskammer #MÃ¼nster verlÃ¤ngert ihre Mitarbeit in der Mittelstandsinitiative #Energiewende (MIE) bis Ende 2025.\nhttps://t.co/sI0JWHnx5w
1610010803146555392	Eine Niederlage der #Ukraine liefere PrÃ¤sident #Putin die Blaupause fÃ¼r weitere Versuche, das russische Imperium wiederherzustellen, sagte der Politologe Prof. Dr. Herfried #MÃ¼nkler im Deutschlandfunk. Ein Signal fÃ¼r eine â€Welt von Kriegenâ€œ. https://t.co/H97yrlxyIO
1611458629789442048	Gesellschaft: Kein einziger Politiker der Regierung  in Deutschland ist wirklich beliebt https://t.co/32RdoUC05e via @welt
1615307243485814786	Asylheim im Szenequartier?\nIch trete im Kreis 4+5 gegen die VerlÃ¤ngerung der Unterkunft Ã¼ber Ende Februar hinaus an. Wir brauchen nicht noch mehr doziale Spannungen im Ausgehviertel.\nDarum am 12. Februar Liste 1,SVP wÃ¤hlen und mich 2 mal auf ihre Liste. https://t.co/kfe3oGT98f
1607793842002038784	Ich hÃ¶rte jmd fragen: Gibt es eigentlich jenseits der #Gruenen gefÃ¼hrten #SPD #FDP #Regierung auÃŸer der #AfD noch eine Opposition - oder hat die #Merz #CDU die Absicht der bunten #Ampel eine weitere Farbe zuzufÃ¼gen? Und ist das wirklich gut fÃ¼r die #Demokratie ? https://t.co/YHMty6hXTW
1626292712138842117	Offener Brief: Maisach lehnt die Unterbringung weiterer FlÃ¼chtlinge im Ort ab https://t.co/8gnxl3NJfi
1622171271604625409	Die Kriegstreiber und *innen feiern sich und finden das auch noch witzig.\nWenn sich die Vertreter der Herrschenden Ã¼ber die Beherrschten lustig machen, ist das genau mein Humor. ğŸ¤®\n#WiderDenTierischenErnst\n#BaerbockRuecktritt \nhttps://t.co/6UXjXxBgpf
1610598861437034501	Der #Slalom der Damen in #Zagreb zeigt einmal mehr die bittere RealitÃ¤t der #Klimakatastrophe - und die Tatsache, dass der GroÃŸteil der Menschheit immer noch den Kopf in den Sand steckt, und so tut, als gÃ¤be es keinen #Klimawandel ... \n\n#WeissesBand #WintersportAde #fisalpine
1611403466236387330	Die Inflation soll in der Eurozone zurÃ¼ckgegangen sein. KÃ¶nnt ihr das bestÃ¤tigen? #inflation #ezb #preise #SlavaUkrainie #Nordstream2OEffnen #ampeldesgrauens #marder
1610294612148502529	HÃ¤Ã¤ ist @RWE_Presse doch nicht #Erneuerbar ? Die waren doch auf #Windenergietage. Komisch.. dachte die wissen um die #Klimakrise #LuetziBleibt #Luetzerath
1619032390529335297	https://t.co/S8YaFARM1g\nSteinmeier ist auch ein Kriegstreiber
1631412793202147328	Ich prophezeie, dass etliche alte Heizwert-Gasheizungen zukÃ¼nftig bis zum Ende ihrer Betriebserlaubnis repariert werden, anstatt sie durch eine sparsame Heizwert-Gasheizung zu ersetzen. #Gasheizung #Habeck
1603722821103935488	Die #Ampelkoalition und vor allem #DieGrÃ¼nen sollten nicht mehr dem #Bundestag angehÃ¶ren, sondern dem deutschen #Erzieherverband. Warum? Nun, sie betreiben eine Horror-Politik GEGEN die eigene #BevÃ¶lkerung und ERZIEHEN lieber mÃ¼ndige BÃ¼rger in allen Lebensfragen! Kann weg!
1615125866593271812	Da wird bestimmt eine ordentliche Pension fÃ¼r Fr. Lambrecht fÃ¤llig? Na ja bei Ã¼ber 700 MDBs fÃ¤llt das auch noch ab! DafÃ¼r spart die SPD bei ABK SchrÃ¶der wg. Putin Freundschaft. Hauptsache wir kriegen alle Politiker:innen gut versorgtğŸ¤®ğŸ¤‘ğŸ§ğŸ™ˆğŸ˜¢ğŸ™ https://t.co/JC3BDtDzx6
1587909552527536128	#Ukrainekrieg #Wirtschaftskrise #inflation \nStrompreisbremse soll vorgezogen werden: â€Helles Entsetzenâ€œ bei Versorgern https://t.co/1rRFqkpC0r
1618868351186653186	NTV an : Die Ukrainischen Waffen sind verschlieÃŸen und es gibt keine Ersatzteile mehr, deswegen benÃ¶tigen sie westliche Waffen. ğŸ¤¡\nNTV aus\nSo kann man Verluste natÃ¼rlich auch schÃ¶n reden. #Heuchler #Kriegstreiber #Kriegstreiberei #baerbockRuecktrittSofort #NichtUnserKrieg
1627789078249742336	Es wird unÃ¼bersichtlicher. Es gibt angeblich seit Monaten die Forderung nach Streubomben seitens der Ukraine. Leider wird nicht gesagt, wer genau das fordert bei wem. Aber immerhin. Und Ã¼ber Russland fÃ¤llt natÃ¼rlich kein Wort. https://t.co/Uly4i4XFVv
1585743771341291522	Man kann sich nur an den Kopf fassen &amp; fragen, ob in Berlin der RealitÃ¤tsverlust Einzug gehalten hat! Reicht es nicht, dass wir uns gerade mit der AbhÃ¤ngigkeit eines ğŸ‡·ğŸ‡ºAutokraten &amp; seinem Gas beschÃ¤ftigen?Morgen mit einem ğŸ‡¨ğŸ‡³?\n@bundeskanzler @BMWK https://t.co/WeBbVlWAVZ
1601565425091108864	#AmpelDesGrauensRuecktritt sofort https://t.co/zK0UD0sLqo
1608581211357691904	Dem System geht das PopÃ¶chen auf Grundeis. ğŸ˜ğŸ˜‰\nIch glaube ja fest daran, das 2023 Dinge geschehen werden, die die weltweite global mafiÃ¶se Pseudo Elite zusammenbrechen lÃ¤sst und da die deutsche Regierung von jenen gefÃ¼ttert und gesteuert wird, kommt dann das eine zum anderen. ğŸ˜Œ https://t.co/RWRgQIS7oz
1609495671689584640	"Ich erwarte mehr Transparenz von einer Regierung, die fortlaufend Dinge verspricht.\nDiese gemurmelten ""joah dauert was lÃ¤nger""-Aussagen sind nichts wert.\nIch will klipp und klar wissen, wer hier blockiert.\nSchluss mit diesen Nebelkerzen.\nSo funktioniert offene Demokratie nicht."
1622222701560463361	ğŸ‡·ğŸ‡º fÃ¤llt im Demokratie-Index des britischen!!! Magazins weit zurÃ¼ck â€“ rund. 2/3 d WeltbevÃ¶lkerung lebt in LÃ¤ndern, die neutral o pro-ğŸ‡·ğŸ‡º zum Krieg in d #Ukraine stehen. und unter der westl. Kolinialherrschaft besonders gelitten haben\nhttps://t.co/Lc0r3qzd4N
1615215777426153472	Wer kennt es nicht, die schwersten Umweltbelastungen durch Barzahlungen seit tausenden von Jahren. GlÃ¼cklicherweise gibt es jetzt die grÃ¼ne Bankinfrastruktur mit ihren riesigen Rechenzentren, die dass jetzt CO-Neutral schafft! https://t.co/oULLxS9Goj
1610682566360829955	Das trauen sich @FranziskaGiffey und @Bettina_Jarasch nicht. Sie verteidigen ihr Multikulti! Trotz Schreckschusspistolen, Eisenstangen usw.! @spdberlin @gruene_berlin https://t.co/lcVHACzm5a
1618173491496497152	Ich distanziere mich ebenfalls von den kriegerischen Entscheidungen der #Ampelkoalition und auch von der #Kriegstreiberei der Medien.\n#FriedensverhandlungenJetzt https://t.co/SeMDcxlVx8
1622181766135005187	Eine Veranstaltung von Narren fÃ¼r Narren. SeriÃ¶ser als die â€Arbeitâ€œ im Bundestag. https://t.co/o00m41gihc
1593197550932496385	Die #Gasspeicher sind gefÃ¼llt und #Strom ist auch noch da, ihr #Schwurbler! Es kann sich zwar beides kaum noch einer leisten und die Preise fÃ¼r alles steigen weiter, aber #Habeck hat dennoch als Wirtschaftsmimister alles richtig gemacht, wÃ¼rde ich sagen.
1617153162212786176	Wenn das wirklich der Wahrheit entspricht wÃ¤r das ein riesen Skandal und dass unsere Regierung darauf nicht reagiert, ein Verbrechen! #Impfnebenwirkungen #Impfschaeden #Impfzwang https://t.co/yhc2HhwcIm
1622861003468816385	Das ist gleich aus drei GrÃ¼nden fÃ¼r uns alle ganz schlecht: Der Privatwirtschaft fehlen FachkrÃ¤fte, die Inflation wird angeheizt und wir mÃ¼ssen ohne Gegenleistung mehr Steuern zahlen. Masshalten beim Staat wÃ¤re endlich angebracht!\nhttps://t.co/4LX1cdx2mq
1601216199274418176	Die #Energiepreise sind hoch wie nie und steigen weiter. Wie sollten Verbraucherinnen und Verbraucher auf angekÃ¼ndigte PreiserhÃ¶hungen seitens der #Energieversorger reagieren? Unser Experte Jan Bornemann im GesprÃ¤ch mit #DÃ¼rfendiedas? #NDR  https://t.co/MLj6aRfUNF
1610753125236805643	Gasversorgung gesichert?: Preise, Herkunft, Menge: Wie geht es weiter mit dem Gas in Halle? https://t.co/5IXoaROTDX
1618237091409952771	#bundeskanzler will auch seine Ersatzteile in die #Ukraine schicken. Seine Erinnerungsluecken spielen dabei die groesste Rolle.\n#Bundestag
1617275273065500673	#annewill\n\nKlingbeil will einen Pakt der Regierung mit der RÃ¼stungsindustrie. \nIch will einen Pakt mit den Arbeitern, Arbeitslosen und HilfsbedÃ¼rftigen.
1587450095707951104	Es ist wirklich groÃŸartig wie unabhÃ¤ngig wir vom russischen Gas sind. Ein so ein Schiff haben unsere groÃŸen Leuchten Karli und Leonore ergattert https://t.co/AeCyCjABfU
1626145787435528193	Eine Ã¶ffentliche Frage an Frau Faeser: Wie viele abgeschobene FlÃ¼chtlinge sind wieder in Deutschland?
1617641707004383233	Wer ist dafÃ¼r verantwortlich?\nZauberlehrling #HABECK, na klar!\n#Milliarden-#Verluste am #Strommarkt\nDeutschland macht Verlust von vier Milliarden Euro\n#REGIERUNG #VERSCHERBELT #ENERGIE INS AUSLAND â€“ WIR ZAHLEN DRAUF\nDeutschland fehlen SpeichermÃ¶glichkeiten\nhttps://t.co/CBg3mxfYpc
1628688740460683264	Dann Essen wir doch einfach weniger, oder schlechter. Vielleicht Kuchen? #Inflation https://t.co/e05ZV8oQbN
1620237721724923904	NUN HATTE SICH JOE BIDEN JA SCHON IM SCHWARZEN MEER VERIRRT!: Krieg in Osteuropa: Biden gegen Lieferung von F-16-Kampfjets, Macron schlieÃŸt Flugzeuge nicht aus https://t.co/jeZE8rH5hN via @derspiegel https://t.co/pN9Gr2XNjf
1622506889325031424	Sehr gut gesagt.\n\nPhilosophische Argumente sind gut fÃ¼r intellektuelle Diskussionen, retten aber in diesem Krieg keine Leben.\n\n#StandWithUkraine #ArmUkraineNow #SlavaUkraini #Misstrauensvotum #RussiaIsATerroristState #BoycottOlympics #MUTWINTER #VisaBan https://t.co/JP7n0D9Qw7
1617431507462660096	"Derzeit sitzen im Bundestag 736 ""Volksvertreter"". Per Gesetz sollten es eigentlich max. 598 sein. \n\nFragen wir doch mal den SouverÃ¤n, der das alles bezahlen muss.\n\nWieviele wollt ihr? ğŸ¤·\u200dâ™‚ï¸\n\n #Wahlrechtsreform"
1618565789312851968	"Deutsche #Wirtschaft rutscht 2023 nicht in eine #Rezession. Es sei ""gelungen, eine schwierige #Wirtschaftskrise abzuwehren"", so #Habeck\nhttps://t.co/jAVl4M5ErJ"
1610271504691859456	Offshore-Windparks sollen die #Energiewende retten. Doch bis dahin ist noch jede Menge zu tun. Was muss getan werden, um Windparks zu errichten und diese an die Stromnetze an Land anzubinden?\nhttps://t.co/fQZ59iwoHc
1597212917656883201	#Strom oder #Habeck ?\nWas ist den Deutschen lieber ?\nEinen lÃ¼genden Ideologen, der sein irres Ding macht ?\nOder Heizung und Strom nonstop ?
1632479022130114562	Wahrscheinlich von deutschen #GrÃ¼ne und #Linke Aktivisten gelernt, da gabs ja auch gefÃ¤lschte Fotos und Videos bezÃ¼gl Migranten! ğŸ¤£ğŸ¤£Angebliches Folter-GefÃ¤ngnis: Dreister Fake von Anti-Israel-Aktivisten fliegt auf #Taliban https://t.co/Jkl2ULcxt9
1610942152271446017	Deutsche Waffen retten in der Ukraine Leben https://t.co/2a7yH19FxL
1617430413236146176	Scholz ist offenbar der einzige, der in dem Druck von auÃŸen noch einen kÃ¼hlen Kopf bewahrt. Mit der Lieferung von schweren Panzern wird lediglich erreicht, dass der Kampf weiter an IntensitÃ¤t und Anzahl opfern zunimmt. Russland hat genÃ¼gend Reserven dafÃ¼r.#Ramstein
1595326351736594434	SPD bringt Aussetzung freiwilliger Migranten-Aufnahme ins Spiel - WELT  #AprizionDE\nhttps://t.co/2CJ7j7c810 https://t.co/QWLkknRNqr
1600276349918203904	SchÃ¶ne Geschichte auch aus 30-stÃ¼ndigem #Stromausfall in Berlin-KÃ¶penick 2019: Das Einsatzkommando musste in einen anderen Stadtteil ziehen, weil sie keine Stromversorgung zum Arbeiten hatte. \nDiese und viele andere Geschichten vom  Katastrophenschutzkongress 2022: https://t.co/Ee5fZDbgJz
1609918491544489986	Finde es belustigend wie die linke bubble bzgl. der #Ausschreitungen an #Silvester2022 durch die Bank weg die Fresse hÃ¤lt weil selbst denen nichts mehr einfÃ¤llt, um noch irgendwie von den massiven Problemen durch Migration abzulenken und einen anderen Schuldigen zu finden ğŸ˜‚
1615775779404808192	#WirHabenKeineZeit \n#GEZabschaffen fÃ¼r den \n#Umweltschutz JETZT !!\n\nwir sollten tatsÃ¤chlich -auch- aus\nUmweltgrÃ¼nden nicht mehr zahlen.\n\nEine bessere Vorlage als #Klimaschutz \ngibt es nicht und gleichzeitig sind wir noch #Gutmenschen\n\n wir kÃ¶nnen nur gewinnen\n\n#GretaThunberg https://t.co/uYsbqlKxr3
1634196726876872706	Ein Teil dieser Asylsuchenden wÃ¼rde die Springer-Presse vielleicht krÃ¤nken
1601143911506149378	Seid ihr wissenschaftsfreundlich?\nDie deutsche Geowissenschaft empfiehlt in ihren VerbÃ¤nden #BDG und #DGGV umweltfreundliches #Fracking.\nFÃ¼r die internationale Klimaforschung #IPPC ist #Kernenergie essentielles Element der Dekarbonisierung von Energieerzeugung.\n#ScienceTwitter
1615628930987298816	"#Selenskyj so""* mÃ¼ssen rollen fÃ¼r den Sieg""!\n* hier wahlweise einsetzen: #Panzer,  #Euro oder #Dollar \n.\n#Ukraine"
1617992798292279296	Heute schicken wir Panzer an die Ukrainische Front, was aber passiert wenn die Front nach Berlin kommt?\n\n#Kriegstreiber
1612064992177668097	Hahahaha. Schade, dass inzwischen Merkel und andere ganz offen bezeugten, dass Minsk2 nur ein Schachzug des Westens war, um die Ukraine fÃ¼r einen Angriffskrieg gegen die Ã¶stlichen Provinzen und letztlich Russland vorzubereiten. https://t.co/xs7RblhA2r
1612083592523579403	In der #Regierung u deren Parteien: Feinde des hÃ¶chsten Grundrechts -des Rechts auf Leben-, Feinde der SchwÃ¤chsten, Feinde unserer #Kinder. Und grob unsolidarisch mit der schwindenden nÃ¤chsten Generation. - Du sollst nicht tÃ¶ten. #HilfestattAbtreibung #Demographie #Rente #Pflege https://t.co/VJNSxYM4gV
1621399599146491904	Deutschland, Messerland: Wieder mÃ¼ssen Unschuldige wegen einer verantwortungslosen Migrationspolitik sterben https://t.co/nGgzB8eb3R
1634515882129891328	Deutschland: AuslÃ¤ndische FachkrÃ¤fte fÃ¼hlen sich unwohl - DW (Deutsch) https://t.co/nkdHHndRzw via @GoogleNews kann man verstehen die BÃ¼rokratie viel Arbeit dazu die Sprache
1593507059387056129	Probleme . Ich frage mich langsam was in der SPD im Vorstand noch sozial ist . WÃ¤hrend die einen buckeln und noch Wohngeld sich beim Amt holen sollen bekommen andere den Arsch nachgetragen . Und das ist wÃ¶rtlich wenn man mal die Probleme selbst bestimmtes Leben nimmt . Die SPD
1614937157394890752	Deutsche #Wirtschaft  trotzt #Krise. https://t.co/kDQrzGIgae #Konjunktur via @destatis @FAZ_NET @handelsblatt
1626908145002983425	"""Die MenschenğŸ–•"" um #Wetzlar und #GieÃŸen rÃ¤tseln, warum der armeğŸ¤¥, benachteiligteğŸ¤¥ ""GeflÃ¼chtete"" in #Braunfels ""einfach so"" sein eventuelles Eigentum Frau im ""Schutzsuchenden""heim mit dem #Messer attackierte.\n\nDas kann doch nur ein rÃ¤chter Nadsi seinğŸ˜±!\n\nhttps://t.co/9w7Wijzt3O"
1613414477579288577	Ich soll Heizkosten sparen, mir aber ein E-Auto kaufen. Ich versteh das nicht. #Energiewende
1616003674370613249	Mit autonom fahrenden Bussen, einer kÃ¼rzeren Ausbildung, besseren Sprachtests und mehr FlÃ¼chtlingen am Steuer kann der steigende Personalmangel bei Bus-Unternehmen aus Sicht der CDU gebremst werden. https://t.co/w2DBMHynb0
1630219903390085122	Spiegel unserer Gesellschaft..FlÃ¼chtlinge sind bekanntlich lukrativer als alte Menschen,oder PflegebedÃ¼rftige..Berliner Kirchenstift wirft 110 Senioren raus, bringt dafÃ¼r GeflÃ¼chtete unter\nhttps://t.co/JLDnR9qXYN\n\njetzt herunterladen https://t.co/RKsTCLL1Gs
1614563324410363905	Auch wenn die LinksgefÃ¶hnten jetzt wieder schÃ¤umen... Fakt ist, dass gut 80% der Deutschen mittlerweile so verblÃ¶det sind, dass sie auf jede politisch motivierte und medial amateurhaft verbreitete LÃ¼ge reinfallen!\n#Corona #Klimakatastrophe #UkraineWar #idiots https://t.co/YngYt3mwDi
1617890042734841856	#biodiversityrocks.\n\n[Stop #PutinsWars.\n@Bundeskanzler Scholz â€”\n#PatriotsForUkraine\n#FreeTheLeopards!\n\nğŸŒ» #SlavaUkraini ğŸŒ»] https://t.co/1ixHzrkjph
1620699537924038656	Deutsche Patrioten mit Migrationshintergrund
1613068437227446272	"Bei einem neu initiierten â€Tag der #Energiewende"" sollen die BÃ¼rger*innen und BÃ¼rgern im und rund um das Kreishaus in #Dietzenbach auf einem Markt der MÃ¶glichkeiten mehr Ã¼ber #erneuerbareEnergien erfahren. #KreisOffenbach\nhttps://t.co/hCcGUBFa7p"
1604024509715034112	Seit Kurz schlittern wir mit der @volkspartei und den @diegruenen immer weiter Richtung Abgrund!\n\nâ€“ Ihr zerstÃ¶rt Ã–sterreich und seid eine Schande fÃ¼r die Bundesrepublik!\n\n#regierungsversagen #oevpkorruption
1617836494949068800	â€Die Deutschen haben unseren Antrag zur Verbringung von Leopard-2 in die Ukraine erhalten. Ich appelliere an sie, sich der LÃ¤nderkoalition anzuschlieÃŸen, die die Ukraine mit Leopard 2 unterstÃ¼tzt, das ist unsere gemeinsame Sache, denn es geht um die Sicherheit ganz Europas!â€œ https://t.co/6YJI77HL4L
1612888517943693343	Teile der Stadt #Biel seit ein paar Minuten komplett im Dunkeln. #stromausfall in der #Seevorstadt und am Beaumont-Berg.
1615274933847719937	"Das ist genau die Dreistigkeit der sozialistischen Apologeten: Erst produziert der Staat (und niemand sonst!) mit Korruption, BÃ¼rokratie, Zwang, Intervention, Sanktionen und Filz ein paar MilliardÃ¤re auf unser aller Kosten und dann kommt einer und schreit ""Marktversagen!"" https://t.co/rk93yq54RE"
1608082364546031617	Meinungsfreiheit gilt fÃ¼r manche nur solange, wie ihr die Meinung der aktuellen Regierung vertretet.
1615926436740698117	Scholz offenbar zu Lieferung von Leopard-2-Panzern an Ukraine bereit\nvia @sz https://t.co/OrxeDK5xg5
1633347896031559680	So ist das, wenn Gruene Ideologie, NaivitÃ¤t und Unwissenheit auf RealitÃ¤t treffen. WÃ¤rmepumpentechnologie ist nur fÃ¼r moderne GebÃ¤ude geeignet, aber alter Bestand soll erhalten werden. Der co2 neutrale Umbau der dt. Immobilien kostet nebenbei 3 bn â‚¬.\n\nhttps://t.co/z2mZLEGE71
1628702169942597636	Ermittler:innen haben bestÃ¤tigt, dass tausende Kinder aus der Ukraine nach Russland gebraucht und dort in Umerziehungslager gesteckt wurden. Mach mit und fordere ihre sichere Heimkehr -- jetzt! ğŸ‡ºğŸ‡¦ https://t.co/rSn8ASzCjQ
1611956740689371137	Ja, unsere Regierung beweist, dass Deutschland kein souverÃ¤ner Staat ist, sondern eine Kolonie der USA. Unter frÃ¼heren Regierungen war das nicht so eindeutig zu erkennen. Aber mittlerweile vertritt Baerbock nur noch US-Interessen zum Schaden Deutschlands.ğŸ˜¡ https://t.co/6wBdOGDPc8
1615773766784532488	Klosterfeldes Ortsvorsteher Brauer setzt sich gegen Oliver #Borchert zur Wehr. Dieser hatte ihm im Zusammenhang mit seinen Ã„uÃŸerungen zum FlÃ¼chtlingsheim eine â€fremdenfeindliche Gesinnungâ€œ unterstellt. #rassismus #fremdenfeindlichkeit #refugeeswelcome \nhttps://t.co/h0e8UYBM1n
1627244347518320641	Mainz bleibt Mainz ist in Sachen Humor nur getoppt von den BÃ¼ttenreden auf der Sicherheitskonferenz.. Real Satire am Fachings Samstag das kannst du dir nicht ausdenken. Stoppt die Sanktionen und Waffenlieferungen..   https://t.co/YKpyARjjyS
1612431038709391361	Die Neonazis trainieren Kampfsport, es gibt Kontakte in die Unterwelt oder zu kÃ¤mpfenden Nazis in der Ukraine. Manche nehmen in Deutschland an Events teil, greifen Polizisten oder handeln mit Drogen. Aber klar, muss ma alles nicht im Blick haben. https://t.co/c3r3Eu34sN
1615223642484314113	Ukraine nicht in der NATO Ukraine nicht in der EU dieser Krieg geht uns nichts an hier will man dass wir in einen Krieg verwickelt werden mit toter deutscher BevÃ¶lkerung https://t.co/iYjxMc8CMc
1616172700480770048	ğŸ‡·ğŸ‡ºStreitkrÃ¤fte beschieÃŸen die Siedlung #Novoselivske im Gebiet #Luhansk mit einem schweren TOS-1-Flammenwerfersystem.\n\nDiese Barbaren, benennen wir es wie es ist: \nVÃ–LKERMORD â€¼ï¸ğŸ˜¡\nDie #Ukraine braucht nun alles was verfÃ¼gbar ist, um derartigen ğŸ‡·ğŸ‡º Terror zu beenden. https://t.co/pURZYXn182
1602976439120400385	"Wer sollte auch vorher ahnen, dass eine elektrische Heizung Strom verbraucht im Auto? ğŸ¤”ğŸ¤£ğŸ¤£ğŸ¤£\nAusserdem konnte doch keiner wissen, dass es im Winter kalt ist, schlieÃŸlich ist doch ""KlimaerwÃ¤rmung"", oder? ğŸ¤£\n\n#klimalÃ¼ge #elektroschrott #blackout #brownout\n\nhttps://t.co/kWwLgZ0217"
1630234523383500807	Was fÃ¼r eine reizende Familie.\nWenn man in der SPD Beziehungen hat, kann man lÃ¼gen, betrÃ¼gen, fÃ¤lschen, sich mit Putin. verbÃ¼nden um Sanktionen zu umgehen... oder einfach alles vergessen.\n#SPDKorruption\n\nhttps://t.co/3lOxOZIFaB
1616162135956156416	Man hat sich offenbar drauf geeinigt, so berichtet, keine AlleingÃ¤nge bei Waffenlieferungen, mit Blick auf Abrams und Leopard 2, vorallem wir und die Staaten, machen zu wollen...is doch schonma wat, wenn man das auch in Ramstein verkÃ¼nden kÃ¶nnte... https://t.co/GPMxJjGtMx
1622748339333726208	BRANDT UND SCHMIDT WÃœRDEN SICH SCHÃ„MEN DAFÃœR, WAS AUS DER SPD HEUTE GEWORDEN IST ! \n\n....eine sozialistische Verbotspartei auf dem Weg in Richtung DDR 2.0. Die Helfershelfer heiÃŸen GRÃœNE und LINKE\n\n@HGMaassen @CDU @_FriedrichMerz @buendnisde @steffen_grosse @CarstenSchanz #SPD https://t.co/FkCEaa2IEM
1628456011362099200	Das #SVP-Parteiblatt @Weltwoche  beklagt die UnterstÃ¼tzung der Ukraine durch den Westen und ahnt, dass nach der Niederlage Russlands, der Absetzung Putins und dem Beginn der Reparationszahlungen Russlands an die Ukraine, der Geldfluss aus Russland versiegen wird. https://t.co/1DVIhykT2b
1614408057609674753	Sachsens MinisterprÃ¤sident Kretschmer fordert Reparatur von Nord Stream 1 https://t.co/YFEEdOYYub via @RND_de Genau, die Pipeline MUSS repariert werden und das Gas wieder nach Deutschland geliefert werden, egal was die Deppen GRÃœNEN Sagen. Russland ist dazu bereit.
1615328222631034880	"In NRW haben das Umwelt- und das Wirtschaftsministerium einen neuen FÃ¶rderaufruf fÃ¼r die Themenbereiche Umweltwirtschaft, Circular Economy und Klimaanpassung gestartet. Das Programm ""https://t.co/GIwOUYp7yI"" hat ein Gesamtvolumen von rund 100 Mio â‚¬. https://t.co/8adE6odRLs"
1618284384020467713	Liebe #Klimakleber. Klebt euch bitte an die #Panzer. Wisst ihr wie viel #Co2 die ausstoÃŸen und was dieser Krieg klimatechnisch bedeutet? Da hilft das Auto aufhalten auch nix, wenn die Panzer rollen dÃ¼rfen. Also ran an das Projekt: Kleben fÃ¼r den #Frieden und fÃ¼r #Klimaschutz https://t.co/ppLNNi2G5C
1634475345863639041	"Der ""KLIMAKANZLER"", war doch die letzten 20 Jahre in der Regierung Merkel, versteckt und hat nichts fÃ¼r Klimaschutz unternommen!!! Ein  Witz diese Politiker, fÃ¼hlen sich gestÃ¶rt im HÃ¤nden in den SchoÃŸ legen und abwarten!!! https://t.co/H3sVg09cfY"
1615804509334405120	Ich fÃ¼hle mich von Ihnen in dieser Sache wirklich katastrophal schlecht vertreten, Herr @Bundeskanzler! #FreeTheLeopards #Ampel #Bundesregierung https://t.co/Zxn4JUOgmL
1627916244425793538	Am Montagabend hat die #AfD eine Kundgebung und Demonstration gegen eine GeflÃ¼chtetenunterkunft in #Eilenburg angemeldet. Der Gegenprotest der Linksjugend Nordsachsen wurde am Marktplatz durch das Leipziger AktionsbÃ¼ndnis â€Leipzig nimmt Platzâ€œ unterstÃ¼tzt. https://t.co/gVix8gtYiJ
1618346679643545603	Gute Zusammenfassung der deutsch-europÃ¤isch-amerikanischen Befindlichkeit im Ukrainekrieg https://t.co/EVYULNcVrx
1598642601548083200	Die #Sanktionen gegen #Russland sind ein einziges LARP und AblenkungsmanÃ¶ver, die Kosten tragen wir\n\nhttps://t.co/R0wrWSXOKG https://t.co/V59vmclG23
1594291654571106304	#AmpelDesGrauensRuecktritt sofort https://t.co/bfdv8zDtAZ
1623410694820401154	Nach der Zusage, Kiew 14 moderne Leopard-2-Panzer zu liefern, hat die Bundesregierung nun auch die Lieferung von 178 Leopard-1-Panzern aus BestÃ¤nden der deutschen Industrie genehmigt â€“ und auch gleich die Finanzierung Ã¼bernommen.\nDas sind keine SpÃ¤ÃŸchen. ğŸ‡·ğŸ‡º wird massiv reagieren.
1628731022736076801	Werden die neuen grÃ¼nen Nazis u andere Parteien der Kriegstreiber ampelregierung auch zur Demo kommen!? Soll ich schon mal Prognosen abgeben wie die Berichterstattungen in den Stasi Medien aussehen?! Wenn Ã¼berhaupt berichtet wird. Die Mehrheit will keinen Krieg, Waffenlieferungen https://t.co/3GozgZ6Ff5
1626521956022362115	#EntwicklungslÃ¤nder sollten nicht die MÃ¼llhalde des Westens sein! Viele LÃ¤nder schicken MÃ¼ll in unterentwickelte LÃ¤nder, ohne zu prÃ¼fen ob die Materialien recyclebar sind. MÃ¼ll abladen statt Recycling. Eine nachhaltige #Kreislaufwirtschaft sieht anders aus. #sustainabilityfriday https://t.co/ZZYhE1cEsX
1608337608840740864	Ein Symbol-Bild fÃ¼r die links-grÃ¼ne GESCHEITERTE #Energiewende    https://t.co/SMb7JERfd6
1627496518524588032	ğŸ”¶ Klima: Wie RÃ¼ckkopplungen die Krise verschÃ¤rfen\n\nğŸ”¸ Bestandsaufnahme listet 41 grÃ¶ÃŸtenteils positive Feedbackschleifen im Erdsystem\n \n  https://t.co/IAw59fuGiy
1616959076553949188	Servus Max ist live auf\nhttps://t.co/q0m9uX5xKA\n #TackJoo\nğŸ‡ºğŸ‡¦ #StandwithUkraine ğŸ‡ºğŸ‡¦
1617854373396385793	â€¼ï¸\nDie grosse CO2-LÃ¼ge\n\nAstrophysiker im Bundestag: Â«Wir brauchen mehr CO2 - nicht weniger!Â»\nPhysiker, Astro-Physiker, Meteorologe und Klimaforscher, Piers Corbyn sprach Ende 2019 im Bundestag und betonte damals, dass ein menschenverursachter Klimawandel nicht existiere!!! https://t.co/2pNGMKWNbD
1602253181651763201	Ein Jahr #Ampelkoalition: Wo bleibt der â€Wummsâ€œ fÃ¼r die Versicherungsbranche? - Ukraine-Krieg, Energiekrise und #Inflation haben das Regierungsprogramm durcheinandergewÃ¼rfelt. Themen, die der Branche unter den NÃ¤geln brennen, treten... https://t.co/qy0dUv9lcg
1611144332194488320	HITLERJUGEND 2022-2023 Ukraine \n\n#UkrainNazis \n#ZelenskyWarCriminal https://t.co/XxVAGEl5DY
1622499449950900224	Und voila: Der Krieg in der #Ukraine war geplant. Aber nicht von Putin. â¬‡ï¸ https://t.co/59emLnRLKl
1598640629608861697	Ã¢\x9e\xa0 FlÃƒÂ¼chtlinge: Bundestag stimmt fÃƒÂ¼r Gesetz fÃƒÂ¼r schnellere Asylverfahren\n\nÃ‚Â» Deutsche Asylverfahren sollen kÃƒÂ¼nftig schneller und einheitlicher verlaufen. Die RegelÃƒÂ¼berprÃƒÂ¼fung darf etwa nur noch stattfinden, wenn es einen Grund gibt.\n \n  https://t.co/ARUIIgi6As
1630652710155321345	Was sagt es Ã¼ber ein Land im Krieg aus, wenn dort die Infrastruktur besser funktioniert als in Deutschland?ğŸ¤” Frage fÃ¼r eine WÃ¤hler der nicht unsere Regierung gewÃ¤hlt hat. https://t.co/4bIzItA76V
1611691987131842562	Warum haben wir in Deutschland so wenig Geothermie?\n#energiewende #energiewendeerklÃ¤rt \n\nhttps://t.co/9AybMFf25H
1610280571887837187	Berlin offen fÃ¼r Beschlagnahme von Russen-VermÃ¶gen fÃ¼r Ukraine\nhttps://t.co/5AVlntCVuC
1621878346966618113	Im Kampf gegen #Lehrermangel an sÃ¤chsischen #Schulen setzt der Freistaat #Sachsen auch auf vor dem #Krieg geflÃ¼chtete LehrkrÃ¤fte aus der #Ukraine. Voraussetzung ist die Qualifizierung fÃ¼r den regulÃ¤ren Schulbetrieb.\nhttps://t.co/I15DSqWAfP
1600213623585918976	Wenn also, wie in Deutschland, es keinen Machtkampf mehr gibt, sondern die Macht von einer Gruppierung (auch mehrerer Parteien) monopolisiert wird, gibt es keinen Grund Freiheit (und Gewaltenteilung) zu erhalten. Sie werden als Gefahr fÃ¼r die Machterhaltung gradual verdrÃ¤ngt.
1611620021708460032	Austauschpflicht fÃ¼r 30 Jahre alte #Heizung  en in privaten #GebÃ¤ude. Mehr als 2 Millionen Heizungen betroffen. Wer muss seine Heizung austauschen?\n#Energiewende #Energiekrise #Heizkosten #Gas #Ã–l #Energiepreise #GEG \nhttps://t.co/Yot9K6uDSq
1632277809602199552	"Zitat ""Zumal Wagenknecht bei Thema Zuwanderung auf AfD-Linie liegt. Sie ist strikt gegen offene Grenzen und plÃ¤diert dafÃ¼r, gnadenlos abzuschieben, â€wer sein Gastrecht missbrauchtâ€œ. Da schlagen â€rechteâ€œ Herzen hÃ¶her."" Da schlagen nicht nur rechte Herzen hÃ¶her. Sie Hetzer! https://t.co/3JBVRbEUgF"
1615983943546814464	Asylsuchende im Landkreis Freising: Das ehemalige Impfzentrum wird zur FlÃ¼chtlingsunterkunft https://t.co/2oB8cvcgnv
1616104349167484929	Es ist beschÃ¤mend fÃ¼r Deutschland das PrÃ¤sident Selenskyj Ã¼ber die Presse um Panzer betteln muss. Gibt es keine diplomatischen, direkte GesprÃ¤che der Regierungen. Alles unwÃ¼rdig was Deutschland macht.
1597232611159846914	Die Achmetow-Stiftung hat humanitÃ¤re Hilfe in den Bezirk Wolnowacha in der Region Donezk geliefert: Die mobilen Brigaden der Rinat Achmetow-Stiftung haben humanitÃ¤re Hilfe in den Bezirk Wolnowacha in der Region Donezk geliefert, der unterâ€¦ https://t.co/cap1HTvZdy #Ukraine
1595891500113698827	#Energiekrise : #Stadtwerke erhÃ¶hen #Strom- und #Gaspreise um bis zu 110 #Prozent https://t.co/JZ5epiyrZX #
1622175937193197568	Ob wir #Scholz und der #SPD  vertrauen kÃ¶nnen?\nSpannnende Diskussion \nDas entscheidende aber ist, weil @Bundeskanzler &amp; @spdbt zu lange #Putin dem LÃ¼gner trauten, kÃ¶nnen wir ihnen nicht voll vertrauen. Es fehlt die Aufbereitung der Fehler.\n@Ihrpat @annakatrein @fuecks @ulky https://t.co/xShxeZ0r8v
1612827574446571520	ich hab mit diesem twitter account bessere werbung fÃ¼r ostbelgien gemacht als jede sauteure werbekampagne unserer beschissenen regierung
1618622559658078208	#Leopard-Lieferung fÃ¼r #Ukraine: Wenn der Panzer innen schimmelt.\n\nDie deutsche Zusage, Leopard-Panzer an die Ukraine zu liefern, ist fÃ¼r #Rheinmetall ein gutes Signal. Doch nicht nur die Lieferung der Panzer wird Zeit brauchen.\n\nhttps://t.co/WgxA2kW5Tq
1618966703865741314	Die GrÃ¼nen und die Roten sind die neuen SpiessbÃ¼rger: Verbote, Vorschriften, wer ihren Ideologien nicht folgt, wird geÃ¤chtet.\nWir brauchen wieder mehr Bob Dylans und Nenas, kommt, 68er, wir wissen wie es geht. Nerven wir die Woke-Spiesser und Kriegstreiber.
1631447383543361543	Was redet die #FDP da fÃ¼r einen Unsinn? Tatsache ist: mit der Energie, die die Herstellung von #eFuels fÃ¼r 100km Verbrennerfahrt kostet, kann ein Elektroauto trotz Batterieproultion 500km fahren. Und jetzt Sie, Herr @christianduerr... https://t.co/4JbPpIngBk
1619711168586862592	#Energiepreise\n#inflation\nNicht so dramatisch ğŸ‘‡ğŸ‘‡ğŸ‘‡\nhttps://t.co/IjqKzBcaWu
1606704507399938049	Bei CDU CSU FDP ist alles andere besser um nur nicht zugeben zu mÃ¼ssen, das die grÃ¼ne Richtung in der Energiepolitik richtig ist.\n#Politik #hofreiter #habeck #baerbock \n#FuckCxU #FuckFDP #fckafd #linke https://t.co/EVxVvdWsgd
1617801049787740160	"Selbst nachğŸ‡¦ğŸ‡¿s Angriffskrieg in 2020 bleibt es hoffnungslos,ğŸ‡©ğŸ‡ªPolitik &amp; Medien von ihrem fatalen Kurs der ""NeutralitÃ¤t"" wegzubringen.ğŸ‡¦ğŸ‡²wurde 2022 direkt angegriffen und im AA hieÃŸ es, man wisse nicht, wer der Aggressor sei. Das ist nichts anderes als bewusstes Wegschauen. https://t.co/XtErkvq6cl"
1615318016966942728	Die #Anstrengungen der #Bernerinnen und Berner fÃ¼r die #Energiewende sollen rasch und substanziell unterstÃ¼tzt werden. Deshalb soll die steuerliche #Bevorteilung bereits fÃ¼r 2023 in Kraft treten.\n\n#BÃ¤rnToday #Bern #Umwelt #Strom https://t.co/A0X9p8DJKF
1627429523087101954	Okay. Wenn man â€der Wissenschaftâ€œ folgt, darf man allerdings eher keine neuen Autobahnen und zusÃ¤tzlichen Spuren bauen; die fÃ¼hren nÃ¤mlich immer zu noch mehr Verkehr. \n\nhttps://t.co/H417CY80Z7 https://t.co/HpaHsqW1fg
1603423086006501379	InğŸ‡©ğŸ‡ªundğŸ‡ªğŸ‡ºerleben wir die grÃ¶ÃŸte #Inflation seit Langem. Wir befinden uns in einer Krise der Lebenshaltungskosten. \n\nHeizen, Strom, Lebensmittel â€“ alles wird teurer. FÃ¼r Kinder, die in #Armut aufwachsen, ist dies eine bedrohliche Situation. \n\n#Kinderarmut \n#CostOfLivingCrisis
1587915462532386816	Thema #Stromausfall\n\nWegen wir mal einen Blick auf die Gefahr eines bevorstehenden Netzzusammenbruchs.\n\n2010 stand der kurz bevor...\n\nhttps://t.co/cESpXFTtpP
1626101741262409730	#Winter ist trocken. Schlechte Nachrichten fÃ¼r Trinkwasser, KÃ¼hlwasser, Wasser fÃ¼r Speicherseen &amp; Co. in den kommenden Monaten &amp; im Sommerâ€¦#Klimakrise #Energiewende #time2act #Trockenheit  https://t.co/RD6v1290s3
1618154502103912451	ZukÃ¼nftig achten wir weniger auf unsere Befindlichkeiten und mehr auf benÃ¶tigtes Material, dass schnell, effektiv und gerÃ¤uschlos geliefert wird Herr @Bundeskanzler \nund stellen Sie Ihre Pazifisten-Beauftragten still. Die bringen uns Probleme.\nhttps://t.co/moxTuX0WK2
1611069785667665920	Klimaziele formulieren und erreichen ist wichtig, nicht jedoch mit den unerfahrenen und ungebildeten GrÃ¼nen. Das ist lediglich inkonsequenter, ideologische getriebener und strategieloser Aktionismus. GrÃ¼ne gehÃ¶ren eben in keine Regierung, ğŸš¦sofort beenden
1605167119817129984	Na dann liebe #gruenen , #SPD und Rest der #AmpelDesGrauens mehr Bohnen essen und Methangas in die Leitungen  einspeisen (einfurzen) https://t.co/Wr7kDVrrPw
1617406888576155649	Ich bin es so leid, wenn irgendwelche Leute meinen gegen militÃ¤rische Hilfe fÃ¼r die Ukraine zu argumentieren und dann einfach die Alternative dazu nicht aussprechen wollen.
1621177876056883201	Deutsche Meinung zu #Atomkraft: #Umfrage zeigt, Ã¼berwÃ¤ltigende Mehrheit will weiterhin #Kernenergie in #Deutschland nutzen\n#Energiewende #Energiekrise #Energiepreise #Strom #Atomausstieg #Stromausfall #Blackout\nhttps://t.co/CjEA8Y1Zrn
1610738095871098881	Jetzt schon keinen Bock mehr auf den Sommer.\n\n#Klimakatastrophe #Klimakrise #DÃ¼rre https://t.co/sbfQ5XZFGk
1631971188971798530	Dr. Daniele Ganser: Das verschweigt die deutsche Regierung (Krissy Riege... https://t.co/1vK1SKZIeY via @YouTube
1613151314552184840	Ã–sterreich: Gesetzesnovellen sollen Ausbau der Erneuerbaren beschleunigen #windenergie #IGWindkraft #Ã–sterreich #erneuerbareEnergie #Energiekrise #UVPNovelle #Energiewende #Novellierung #Parlament #Beschluss #EABG https://t.co/cddWJlwv2t
1621091977906520065	Berliner,\n\ndie Berliner regimetreue Regierung , will das Bargeld abschaffen, flutet unsere Stadt mit FlÃ¼chtlingen und deutsche Piloten sollen eine Atombombe Ã¼ber Berlin abwerfen!\nWer immer das Berliner Regime wiederwÃ¤hlt, will die Katastrophe!\n\nAfD - besser mal versuchen!
1633861425381912577	â€Haben vor allem bei Migranten aus dem Nahen Osten Probleme mit der Integrationâ€œ\n\nhttps://t.co/6ra5nEqr2R
1607604092473413632	Die Invasoren beabsichtigen, Kirchen zu liquidieren, die nicht von Russland kontrolliert werden - CNS https://t.co/QgDnpqzyQC #Ukraine
1619771994110820353	Jetzt ist der schon weg aus Deutschland und nervt immer noch. Mit seinen unmÃ¶glichen Forderungen macht er die Ukraine immer unbeliebter. #Melnyk
1615787973399691286	Die nÃ¤chsten 2 Tage bis zum #Ramstein Meeting die AnhÃ¤nger von #Scholz, #SPD &amp; co.: \n\nâ€die Stryker aus den USA ğŸ‡ºğŸ‡¸ sind aber keine richtigen Kampfpanzer, die haben keine Kettenâ€œ 1!!elf11!!
1587814486035107840	"""Die Revolution frisst ihre Kinder.""\nVon #Klimaaktivisten zu #Klimaterroristen #FFF #EndeGelÃ¤nde #Zigarettenladies #Klima #Krise #GrÃ¼neArmeeFraktion #GAF #AmpelDesGrauens #OERRabschaffen #Neuwahlen\nhttps://t.co/3dNPc0vx59"
1618617537515900929	SchÃ¶n, dass man bei der @NZZ wenigstens merkt, das die Zuwanderung in den NachbarlÃ¤ndern ein Problem ist... https://t.co/fNbqKLJTF0
1596621388923785218	63 Prozent der Deutschen geben wegen der hohen #Inflation weniger aus https://t.co/Qke3uXnMFa
1623751619966865408	Migration mit wenig Scharf https://t.co/1pTpCUPxxQ via @faznet.Die Migrationspolitik wurde im Bundestag sachlich debattiert.\u2066@Bundeskanzler\u2069.\u2066@_FriedrichMerz\u2069.\u2066@NancyFaeser\u2069.\u2066@Markus__Lanz\u2069.\u2066@fdp\u2069
1613885282205532161	Wie viel die einzelnen Parteien fÃ¼r Klimaschutz tun:\n\nCDU, FDP, SPD, AfD:\nâ–‘â–‘â–‘â–‘â–‘â–‘â–‘â–‘â–‘â–‘â–‘â–‘ 0,0%\n\nGrÃ¼ne:\nâ–“â–“â–“â–“â–“â–“â–‘â–‘â–‘â–‘â–‘â–‘ 50,0% \n\nWen Klimaaktivistinnen attackieren?\n\nDie GrÃ¼nen:\nâ–“â–“â–“â–“â–“â–“â–“â–“â–“â–“â–“â–“  100,0%\n\n#Luetzerath \n#LuetziBleibt
1628193857799176192	â€In der Ukraine entscheidet sich Zukunft der Weltordnungâ€œ, sagt Selensky. Der hat wohl zu viel Kokain geschnÃ¼ffelt? Und ob das ein dementer Mr. Biden verstanden hat und nicht etwa seine Frau unter den Anwesenden sucht? https://t.co/af6UKRCYfQ
1618665341072334850	â€Zu viele FlÃ¼chtlinge â€“ wir schaffen das nicht!â€œ | Katja Schneid bei Vie... https://t.co/rPyOXuqeJD via @YouTube
1616169283775512584	Woher kommt der Hass auf den Staat? Was fÃ¼r eine Frage, Wohnungen, Miete, Zinsen, Steuern, Benzin, Diesel, HeizÃ¶l, Gas, Holz, Holzpellets, leere Regale, hohe Inflation, kÃ¼nstliche Verknappung in allen Bereichen, ideologische Verbote...Twitter Text am Ende! https://t.co/1EatYPAqaY
1617466388360085506	In Deutschland zu leben , ist sehr hart.\nDer Normalverdiener wird tagtÃ¤glich zur Kasse gebeten.\nStrom ,Gas ,HeizÃ¶l,Lebensmittel,Kraftstoff\nall dieses ist in Deutschland  teuerer als anderswo in Europa.\nDazu kommen geringe LÃ¶hne und geringe Renten , die das ganze verschÃ¤rfen..
1603872544943136773	Alle #Entlastungen bringen nur Einnahmen fÃ¼r das Weiter verteilen  der deutschen Steuergelder. Der normale BÃ¼rger wird nicht entlastet. Alle Energiepreise bleiben knapp unter der Entlastungsgrenze. #BundesregierungRuecktritt #nachdenken
1616427759500431361	Ich habe gerade diese Petition unterschrieben, um die Lobby der Kohle-, Gas und Ã–lkonzerne aus der Politik zu kicken. Mach mit und unterschreibe! #FossilFreePolitics https://t.co/RyTM4USpnT
1601552643549454336	#Muenchen verbietet der #LetzteGeneration das Festkleben als Protestform. \n\nKlar, nervt das. Aber bestimmte Arten des Protests zu verbieten, die im Grundgesetz verankert sind, ist doch genau das, was alle Konservativen befÃ¼rchten: Ein Einschnitt der Rechte der BÃ¼rger:innen.
1607803537617977351	DAS ist bÃ¼rgerorientiertes Handeln. #inflation https://t.co/3oW9LXsy7s
1623336757952450563	Wenn #Baerbock zurecht die #TÃ¼rkei dazu auffordert, die Grenzen mit #Syrien aufgrund der Notsituation nach dem #Erdbeben zu Ã¶ffnen, dann sollte sie die gleiche Aufforderung an die #EU stellen, seit Jahren ertrinken Tausende FlÃ¼chtlinge im Mittelmeer!
1593579950896021509	ach ja - man sieht auch, dass Jahresvertragskunden ab Oktober durch die gesenkte MwSt tatsÃ¤chlich einen besonders niedrigen #Gaspreis hatten.
1627321612281253889	"""Keine konkrete ErklÃ¤rung""\n\nEs gibt doch so schÃ¶ne Videos aus Russland, wo Stimmzettel unterm Pulli rausgeholt und dann eingesteckt werden.... Vielleicht, aber nur vielleicht ist sowas auch in Berlin passiert. FÃ¼r die regierenden Parteien... https://t.co/qPNjsBnYGg"
1618352992318820352	#MuenchenStehtAuf fÃ¼r #Frieden und #Freiheit  #Muenchen\n\n#NichtUnserKrieg #Panzerlieferungen stoppen!! #RegierungDerSchande \n#LauterbachRausschmissSofort \n#GrueneRausausdenParlamenten \n#SPD-FRAKTION raus!!\n#UkraineKrieg \n#Deutschland aufstehen ğŸš¶\u200dâ™‚ï¸ğŸš¶\u200dâ™€ï¸ğŸš¶\u200dâ™€ï¸ https://t.co/0KizGEkd3E
1611473004365746177	#ampeldesgrauensruecktritt sofortt https://t.co/tSdmIm65tO
1612108779666939905	Nach so einem Silvester hÃ¤tte sich die #CSU frÃ¼her mit Wollust in die Migrationsdebatte geschmissen. Bei ihrer Klausur im oberbayrischen Kloster #Seeon aber findet sie einen anderen Dreh, beobachtete Bayern-Berichterstatter @TimoFrasch https://t.co/F9jUgBzSAI
1595858238293041153	Neuer Demokratie-Index zeigt deutlichen Nachbesserungsbedarf\nHallo Politik! Das betrifft alle Parteien, interessiert das noch jemanden oder wurde das Ziel, das Zusammenleben aller besser zu gestalten, schon aufgegeben?   https://t.co/2omyPjyH8J via @KURIERat
1618653139795861507	Der Panzer, der den Krieg verkÃ¼rzen kÃ¶nnte https://t.co/x6JAMVAlBP via @NZZ
1600498264658350086	Das destrastrÃ¶se grÃ¼ne Politik-Wurschteln, u.a. in Sachen Energie, auf den Punkt gebracht.\n#Energiekrise #Energiewende #Kernkraft\n\nhttps://t.co/Lmk09LEBuc
1588113916751761408	"Aktuell steuern wir auf +3Â°C-Welt zu. Wetterextreme, Hunger, FlÃ¼chtlingsstrÃ¶me, Meeresanstieg...\nWissenschaft: ""Nur noch wenig Zeit, das Schlimmste zu verhindern""\nAlle Akteure, die was Ã¤ndern kÃ¶nnten, hÃ¶ren ""Wir haben ... noch Zeit"" - und machen NIX - was dann??\n#Klimakatastrophe"
1631916209615564800	Dann sollte die CDU/CSU nicht medienwirksam die Tafeln unterstÃ¼tzen, sondern die #Grundsicherung erhÃ¶hen. Die #Lebenshaltungskosten #Lebensmittel sind fÃ¼r Ã¼ber 14 Millionen Menschen nicht mehr  bezahlbar und die #Armut steigt weiter! Das ist eine Schande!!! https://t.co/ME9UdKJFbm
1628382879372697606	New post: HansWerk &amp; SH Netz: rund 600 Megawatt GrÃ¼nstromleistung aus Wind und Sonne in 2022 an die Netze angeschlossen https://t.co/6g6IACxFKN Windenergie Ã¼berholt beim Zuba #EnergielÃ¶sungen #Energiewende #ErneuerbareEnergien #HanseWerk
1632334308730961922	Die Verkehrsminister der CSU haben in den letzten 70 Jahren, zugunsten von BMW, Audi etc. 70% des deutschen Bahnnetzes abgerissen bzw. stillgelegt, mehr als 15.000 Kilometer!
1615374982195953665	Roger Beckamp (AfD): â€Die Ampel arbeitet gegen Deutschland!â€œ https://t.co/5h969poUpB via @YouTube
1593970167226040320	Der #Erfolgswelle der #merkgelgrÃ¼n en #Energiewende erklimmt immer neue HÃ¶hen...\n#Stromproblem #Heizung \nhttps://t.co/9MHlwbqOHS
1616652309512994816	NEIN!\nOffensivwaffen gehÃ¶ren grundsÃ¤tzlich NICHT in die HÃ¤nde von Faschisten-&amp;NS-Kollaborateure, VernichtungskriegsfÃ¼hrer &amp; Kriegsverbrecher, deren Verehrer&amp;Verherrlicher a la #Melnyk &amp; deren AKTIVE UnterstÃ¼tzer in #ukraine Regierung!\n#ukrainekrieg https://t.co/WElmVVzGpx
1597645529391198210	#GruenerMist, von denen die meisten nie gearbeitet haben, schÃ¤nden ein Denkmal, das denen gewidmet ist, die dieses Land nach dem Krieg wieder aufgebaut haben. Ohne die #Truemmerfrauen hÃ¤tten die #Gruenen heute keine Wirtschaft, die sie zerstÃ¶ren kÃ¶nnen. Widerwertig! https://t.co/kxuOvMSATs
1600101180280950785	"#strompreisbremse ,#Strompreis ,#Abzocke , die Stromreise werden massiv erhÃ¶ht, Ã¼ber 40cent die Kwh zahlt der Kunde mit Steuern, spich Stromkonzerne zocken hier AB! ÃœBER "" FAULE "" Alg2, BÃ¼rgergeld bezieher regt man sich auf, was das Kostet, aber bei Stromkonzernen NICHT!"
1623828934532952066	"Auf dem #EU-Gipfel ist ein Streit um die #Migrationspolitik entbrannt. ""Wir mÃ¼ssen in der ganzen EuropÃ¤ischen Union die Asylbremse anziehen"", forderte dagegen der Ã¶sterreichische Bundeskanzler.  https://t.co/R6OruZCsU4"
1618528981074186240	Der Hashtag #AmpelDesGrauensRuecktritt ist fÃ¼r mich kein Trend!\n\nEs ist Bullshit.
1628517119280160768	Diese grÃ¼ne Bumsbirnenregierung sind nur wenige.\nWir sind mehr.\nAuf was wartet ihr?\nAuf NOCH mehr Steuern auf mehr Einsperrungen und weniger Freiheit?
1615704621300781056	Aktuell gibt es einen #Stromausfall in #Berlin SchÃ¶neberg. Weitere Informationen findet Ihr auf https://t.co/P2FgrYXh0a
1612978476059095041	Die vergeigten Wahlen zum Abgeordnetenhaus und zum Bundestag 2021 in Berlin sind eine Gefahr fÃ¼r die Demokratie. Warum thematisiert das niemand? So etwas darf es nicht geben. Wir BÃ¼rgerinnen und BÃ¼rger haben in der parlamentarischen Demokratie nur das Wahlrecht.\n#maischberger
1617790361895841792	Die grÃ¶ÃŸten Reserven hat nun mal Russland, warum nicht andere Routen nutzen, um das Gas an den Mann, sprich China zu bringen. #Energie : #Russland versucht #Gas-Exporte nach #China unter eigene #Kontrolle zu bringen https://t.co/G650a7iVvS
1604083072890245121	Ihr flickschustert durch das teuer gekaufte unwirtschaftliche LNG-Gas an der #Energiekrise herum, die es ohne Euch nicht gegeben hÃ¤tte.\n#GrueneRausausdenParlamenten \n#GruenenInkompetenz https://t.co/p2LxjWGEBm
1618361552285110272	"Der norwegische Verteidigungsminister BjÃ¸rn Arild Gram hat angekÃ¼ndigt, dass sein Land Panzer in die Ukraine schicken werde.\n""Panzer sind inzwischen sehr gefragt. Norwegen und die Regierung unterstÃ¼tzen die Spende von Panzern an die Ukraine. Norwegen sollte einbezogen sein."""
1606644096604438530	#Eilmeldung â—ï¸\n#Gaspreisbremse #funktioniert #nicht , #sondern #fÃ¼llt den #Firmen und den #Staat ihre #Portmonee ğŸ¤¡ğŸ¤¡\n\n#GrÃ¼ne #Lindner #Habeck #FDP #SPD \nHandelsblatt: 112 #Prozent #plus bei #Gas : #Energiekosten steigen trotz #Preisbremsen #dramatisch - https://t.co/wgrN5DBDN4
1597954526396715010	#AmpelRÃ¼cktritt #RegierungDerSchande \n\n#SteuererhÃ¶hung durch die #HintertÃ¼r: #Finanzausschuss einigt sich auf #Jahressteuergesetz\n\nNeben Entlastungen fÃ¼r Arbeitnehmer ist darin auch eine #Ãœbergewinnsteuer und eine ErhÃ¶hung der #Erbschaftssteuer enthalten.\n\nhttps://t.co/wohgaARWv1 https://t.co/TSBl4Xa0qg
1617893794132918272	Leopard-Lieferung: Polen beantragt Genehmigung  https://t.co/1Bgpehspu7
1626299584422060038	Die #FDPunter5Prozent wundert sich warum sie niemand wÃ¤hlt, wenn sie dauernd Politik gegen Menschen macht.\n\nJetzt sind eben Kinder die, die leiden mÃ¼ssen.\nDie @fdp scheiÃŸt auf Kinder!\n\n#Kindergrundsicherung https://t.co/NcyDbPHmDj
1617034849239420928	Die Forderungen nehmen kein Ende!!!\nhttps://t.co/ARkuezBI7s
1620396719858126848	In meiner Wahrnehmung besteht der Job eines Migrationsbeauftragten ja eher in erfolgreicher Einwanderung als schnelleren Abschiebungen, aber der Mann ist halt in der FDP https://t.co/2cbfM0mhcH
1629035517621809152	#ENERGIEWENDE\nEgal welche Partei das Sagen hat, bestimmen die Energieriesen in Europa die Energiewende. Sie behindern durch Lobbyismus\njegliche privaten und kommunalen Initiativen zur Energieversorgung. Diese Konzerne mÃ¼ssen total entmachtet werden zusammen mit unsern Parteien.
1622718962730500120	Verloren in Illusionen: SPD-General KÃ¼hnert will mit weiteren Waffenlieferungen Russland besiegen\n\nhttps://t.co/eNc77Np7Ok
1615250066754736128	#Deutschland muss die #Energiewende schaffen, um den #Klimawandel einzudÃ¤mmen. Wie weit ist das Land beim Ausbau der #Windkraft? Wo stehen genÃ¼gend WindrÃ¤der und woran scheitert ein schnellerer Ausbau? Eine Analyse in Grafiken. https://t.co/CgPrlnFSZp
1595809498597273606	#Krieg, #Klima, #Inflation: Was den BÃ¼rger:innen in den aktuellen #Krisenzeiten hilft, die Hoffnung auf eine bessere Zukunft zu bewahren: \nhttps://t.co/kruHREL15h
1605681861199396865	"ğŸšœ #Landwirt zur selbstzerstÃ¶rischen #Energiepolitik der #Bundesregierung: ""Ich habe nicht vor, weiter zuzuschauen, wie alles abgerissen wird, was sich Generationen aufgebaut haben. \n#Bauernproteste\n#GruenerMist\n#Gruenen\n#GruenenInkompetenz\nGanzes Video: https://t.co/GnQ9ytmw3o https://t.co/AzllsTHlyS"
1630204921218736130	Man sollte der #Ukraine genau so viele #Panzer liefern wie die Russen Ukrainische Kinder entfÃ¼hrt haben.\n#Waffenlieferungen
1595010149562945536	Heizpflicht fÃ¼r Wohnungen und BÃ¼ros! \nGrund: Kalte RÃ¤ume sind dazu geeignet unser Gesundheitssystem zu Ã¼berlasten.
1611945240398626818	Ich kotze nur noch bei dieser versch***enen Regierung, die ihre eigenen BÃ¼rger abzockt und zeitgleich unsere Steuereinnahmen ins Ausland verschenken und sich selbst die Taschen vollmachenâ€¦ Ihr kriegt nie wieder ein Kreuz von mir. AfD: Ich komme. Mir reichtâ€˜s! https://t.co/bUcJhHQYCz
1617896053029896199	Kommentar zu Artikel: Deutschland #Scholz und die #Panzer: Der Kanzler muss sich jetzt entscheiden https://t.co/svRRkKQFi5
1609583667076292608	#inflation  2023: Die sogenannten Rettungspakete blÃ¤hen die Nachfrage auf, wÃ¤hrend das Warenangebot schrumpft. Dann erfasst die Schockwelle den Produktionssektor.   https://t.co/qAcit4gK6T
1598259352015499264	Der #Gasdeal mit #Quatar steht. 3% des benÃ¶tigten Gases wird aus dem WÃ¼stenstaat ab 2026 kommen. Ist diese Menge das GeschÃ¤ft mit #Katar Wert? Immerhin muss das #LNG erst einmal transportiert werden. Wie sehen Sie dieses GeschÃ¤ft? #Gasverbrauch #Gaspreis #Gas #Energie #Habeck
1628518302875062272	Bild: die spd u.a. Parteien sind nicht mehr wiederzuerkennen . Ein Skandal. Wird aus Berlin diktiert.  Miter mÃ¼ssen fÃ¼r FlÃ¼chtlinge ihre Wohnung rÃ¤umen\nhttps://t.co/zhwvkbc2ND
1616826472898887684	Komm, lass uns das neue #Deutschland bauen!\n\nMach mit, Hand in Hand!\n\nBunt und religiÃ¶s wird es werden.\nSchwarz, arabisch und muslimisch. \nğŸ‘ğŸ¿ğŸ§”ğŸ¿\u200dâ™€ï¸ğŸ•‹ğŸ•Œâ˜ªï¸Wir freuen uns.\n\nDie #SPD &amp; 95 % aller Arbeitgeber sowie die CDU, CSU, FDP, GrÃ¼ne + die Linke machen auch mit.\n\nNur die #AfD nicht. https://t.co/cSujOz5gwS
1611723739066171393	Frankfurter SPD-Politiker vergleicht Migranten mit Affen.\n\nhttps://t.co/LmoP3zUcBp
1613288740612640769	Ein perfektes Beispiel, wie eine Katastrophale Geldpolitik und das ignorieren dringend notwendiger Reformen im Pflegesektor, dazu fÃ¼hren, dass BÃ¼rger und BÃ¼rgerinnen die Konsequenzen dieser politischen Fehler tragen mÃ¼ssen. #Lauterbach #Pflege #Zukunft #Regierung https://t.co/JuloJ8wz1z
1596083525526208512	#EnergieKrise | Private Haushalte &amp; Unternehmen seien beim #GasSparen auf gutem Weg, so @sven_kindler @gruenebundestag. #FossileEnergien kÃ¶nnen nicht auf Dauer subventioniert werden, wie in der aktuellen Krise durch die #Strom- &amp; #GasPreisBremse. #Bundestag @erhardscherfer https://t.co/3fNdihhJkQ
1608030086225174529	#Rente sie hat Recht, so kann es nicht weiter gehen! Sofortiger Stop von Geldgeschenken an andere LÃ¤nder. Sofortiger Stop von Geldzahlungen an alle die herkommen. Bundestag auf 200 Abgeordnete begrenzen. EU Apparat um 90% verkleinern etc. Wir kÃ¶nnten dann alle mit 50 in Rente. https://t.co/f3fNE4D8po
1609499962903257091	...ich dachte immer, Cannabis is schon freigegeben... im Bundestag... ğŸ¤”ğŸ¤« https://t.co/NKjZYMeBCn
1608583847322718209	Sachsen-Anhalt bereitet sich auf Blackout vor\nhttps://t.co/jMVnYRcyyu
1619739714495598592	Lass mich raten. Putin ist demnach fÃ¼r Krieg? Richtig?\nAber es gibt dennoch einen Unterschied, Putin muss nicht nach NÃ¼rnberg, sondern nach Den Haag.\n#Kriegstreiber https://t.co/EK4FPSsP7V
1616331180973899777	Guten Abend Herr @OlafScholz .  Es tut mir leid, Sie zu stÃ¶ren, aber wir hÃ¤tten gerne ein paar Panzer.  Wir verlangen nicht viel, nur 300 StÃ¼ck.  bitte per Nova Poshta an die 6. Filiale in Kiew senden ğŸ‡ºğŸ‡¦ \nDanke!\n#leopardforukraine #tanksforukraine #standwithukraine
1614166218675716096	Bundesnetzagentur will neues Marktdesign fÃ¼r Gas und Strom https://t.co/VWjjgaBJYz via @RedaktionNews
1616565839624282112	FÃ¼r mich ist nicht nur die SPD unten durch sondern auch die Koalitionspartner. Jetzt hÃ¤tten sie die einmalige GrÃ¶ÃŸe zeigen und ein Koalitionsbruch machen kÃ¶nnen aber sie kleben nur an ihren Posten und halten sich ruhig. Eine Schande diese Regierung. Nie war mein Hass so groÃŸ
1604466148464107523	FÃ¼r die Weihnachtsfahrt mit @DB_Bahn zu den Eltern/GroÃŸeltern zahlt meine Familie (1 16jÃ¤hriger, 1 18jÃ¤hrige, 2 Eltern, 2 Bahncard 25) fast 780 â‚¬. Das kÃ¶nnen sich nur Gutverdienende leisten-fÃ¼r die es Anreiz ist, aufs Auto umzusteigen. Warum so viel zu teuer, @DB_Presse @bmdv ?
1605483170488623105	Der immer verzweifelter klingende aber grossartige Hans-Werner Sinn Ã¼ber die #Energiewende und andere Themen (postfaktische sollten sich das aber nicht antun) https://t.co/447p0H81Wl
1622670856739594240	"ich habe schon letztes Jahr als es hieÃŸ ""Sanktionen"" gesagt, die schaden nur uns. https://t.co/R6msbnc7eZ"
1628365039479521280	#Twitter hat gerade ein Konto des deutschen #Ã–RR Senders #ZDF gesperrt und das Konto eines #Journalisten eingeschrÃ¤nkt, der fÃ¼r sie arbeitet, kurz nachdem ein Segment Ã¼ber die EntfÃ¼hrung #ukrainischer Kinder durch #Russland ausgestrahlt wurde. #RussiaisATerroistState https://t.co/MvdbVkgA7H
1618931131239501830	&gt; Euer Rassismus gegenÃ¼ber Muslime\n\nAchtung, breaking news: Rassisten entdeck(t)en neue Menschenrasse. \n\nğŸš¨\n\n#Rassismus https://t.co/HQaPpxhMR5
1587843817775972354	Blackout und Stromausfall vorbeugen\n#Gaspreisbremse \n\nhttps://t.co/gSqxiOdBJX
1619037044017184769	Dass Deutschland FachkrÃ¤fte aus dem Ausland braucht, ist mittlerweile eine Binsenweisheit â€“ in Zukunft wird es aber auch einen Teil seiner Auszubildenden importieren mÃ¼ssen. Eine AlbstÃ¤dter Firma geht mit gutem Beispiel voran. https://t.co/XA185ZRkQI
1605089885647519746	Die #Russland-#Sanktionen haben primÃ¤r die Transportwege verlÃ¤ngert: Russland liefert nach Asien, #Europa kauft in #Nordamerika und #Asien. Umweltfreundlich ist das jedenfalls nicht. #Ã–l #Gas https://t.co/Bvg7bziOjS
1627699939244490752	Die Stadt LÃ¶rrach in Baden-WÃ¼rttemberg sieht sich gezwungen, rund 40 Mieter eines Wohnkomplexes aus ihren Wohnungen zu schmeiÃŸen, um dort Platz fÃ¼r GeflÃ¼chtete zu schaffen. \nNa Bravo ğŸ‘  https://t.co/DmXkG5mDEK
1612571012352167947	Ich lobe selten die Regierung(en) zum Thema Digitalisierung, aber die RÃ¼cksetzung der Ausweispin ist ja mal der Shit. \n\nPerso per NFC ans Handy, einmal ne Nummer auf dem Perso eingeben und dann kommt der Brief innerhalb von 7 Tagen.
1608754996761473026	So viele Zeilen, @telepolis_news fÃ¼r so viel Verzweiflung: Vernuft, Sicherung d Industriestandorts u Versorgung offenbar sehr schweren Stand in aktuellem #Deutschland  - bewunde Ihre Energie, @VeroWendland stÃ¤ndig gegen so viel linke Durchhaltepropaganda anzuargumentieren https://t.co/qDGHEhqjK1
1615775023276474368	Die #SPD hat das soziale veraten .\nDie #CDU hat das christliche veraten .\nDie #Gruenen haben den Klimaschutz veraten .\nDie #Linke hat den Antifaschismus veraten .\nDie #FDP ... ist dem Kapital treu geblieben .\nUnd diese #noafd ist eine rechtsradikale Partei .\n\nNothing else to say
1628844493536477191	Stricken  fÃ¼r aus der Ukraine geflÃ¼chtete Menschen in Salzburg! https://t.co/0nRoGrkd8Q
1623269368367878144	â€Aus politischen GrÃ¼nden wurde u wird in Polizeiberichten die NationalitÃ¤t von TÃ¤tern mit auslÃ¤ndischen Wurzeln systematisch verschwiegen. Auch leugneten u leugnen viele grÃ¼ne Politiker,dass es Grenzen fÃ¼r die IntegrationsfÃ¤higkeit einer Gesellschaft gibt https://t.co/Tf56cucJRx
1593612434811621380	Ã–lpreis im freien Fall. SchÃ¶ner Vergleich mit Preis bei Kriegsbeginn (blaue Linie links). Warum kommt davon nichts bei den Tankstellen an? Mit #Inflation der Verarbeitungs- und Transportkosten lÃ¤sst sich das niemals erklÃ¤ren. #Benzinpreis #Ã–l \nhttps://t.co/H1fB2uGxg2
1631384329002557477	"Es kÃ¶nne ""keinen Friedensschluss Ã¼ber die KÃ¶pfe der Ukrainerinnen und Ukrainer hinweg geben"", sagte Bundeskanzler #Scholz in seiner RegierungserklÃ¤rung im Bundestag in #Berlin.\nhttps://t.co/PImGDisvFp https://t.co/qBLUZTXXIg"
1597891847782895620	Analysten bleiben pessimistisch, wenn es um die kÃ¼nftige Entwicklung der Wirtschaft geht. #Konjunktur #Wirtschaftsentwicklung #Inflation https://t.co/4DKyy3JFoX
1618495866469515264	Bin mal gespannt wann sich @ToniHofreiter und @MAStrackZi den Forderungen nach Kampfjets anschlieÃŸen, um weiter ein wenig das GefÃ¼hl von Macht zu haben. #Leopard2 #Ukraine #DieGrÃ¼nen #FDP
1619950895726477315	Unser Krieg â“ hab ich was verpasst â“ğŸ¤¬ #Kriegserklaerung #Kriegspartei #Kriegstreiber https://t.co/kogPKB5eZz
1606087826088415233	Die wahren Kosten, die #Gruene verschweigen
1622078852708048896	#Wirtschaftskrise #Inflation #GrÃ¼nerMist #WK3 \n#Ampel fÃ¤hrt Deutschland  an die Wand\n#GrÃ¼ne sind kriegsgeil  und unsozial\n#Ukrainekrieg ist #NATO-#Stellvertreterkrieg https://t.co/MPXsRtCgEj
1617097055628820480	Unbewohnbares Deutschland. Die StÃ¤dte sind restlos Ã¼berfÃ¼llt. Kein bezahlbarer Wohnraum mehr. Immer mehr Menschen verlieren ihren Wohnraum auf rund utopisch steigender Kosten und einer unsÃ¤glichen unkontrollierten Zuwanderung. Das macht das Leben in den StÃ¤dten unertrÃ¤glich
1616158508591743003	Der koksende,korrupte KomÃ¶diant spielt die Rolle seines Lebens.Beklatscht von #ARD und #Ampelkoalition incl der Hofopposition. Respekt. Waffen schaffen keinen Frieden! #Kriegstreiber #propaganda\n#ampeldesgrauensruecktritt #NichtmeinKanzler #Leopard2\nhttps://t.co/FzFWIr5Kkj
1587891675938291712	Ticket #Inflation:\nDas #9EuroTicket wird bei gleicher Leistung zum #49EuroTicket. Preissteigerung knapp 450% (!). Da es ein neues Ticket ist, geht es auch nicht in die Inflationsstatistik ein.\n\nDanke liebe GrÃ¼ne. Ihr habtâ€™s gut gemeint, nur nicht gut gemacht. Wie immer. https://t.co/XuBjpR1sn2
1614507315008524289	Wir haben kein Stromproblem. #Habeck https://t.co/MsBc80pNga
1616186992131248140	"Jede #Patrone, jede #Waffe - alles gen #Ukraine geschenkt. Da versickern Abermillionen.\nTafeln in Deutschland haben nicht mehr genug zu Essen fÃ¼r mehr und mehr Familien die sich den Einkauf nicht mehr leisten kÃ¶nnen. Dazu nehmen die ""FlÃ¼chtlinge"" dort den Deutschen den Platz weg."
1616425862190047232	#Pistorius sagt also KEINE #Leopard2 zu - stattdessen PrÃ¼fauftrag??? Entweder ist unter #Lambrecht/#Scholz bisher NICHTS passiert oder Pistorius/Scholz wollen weiter Zeit schinden. Beides wÃ¤re fatal. #ArmUkraineNow https://t.co/s6oYf52UTP
1616820531046514690	"Ukraine trotz dem ich kein Fan bin von Scholz er lÃ¤sst sich nicht erpressen Panzer fÃ¼r was die Ukraine soll nicht untergehen aber die Kriegstreiber ""die Ukraine muss siegen"" was solldas"
1622500660372463620	Heute 19 Uhr, vhs: Kalte Heizung â€“ heiÃŸe Debatte: Wie die politischen Parteien die Energiekrise lÃ¶sen wollen. Mit @BoehmeMarco, Georg-Ludwig von Breitenbuch, @gerbsen, @HenningHomann, Dr. Anita MaaÃŸ, Jan Zwerg. \n#Leipzig @LVZ @kreuzer_leipzig @LIZ_de \nhttps://t.co/PRGqKilYpx
1618366858909868032	ğŸ”¶ Ukraine-Krieg im Liveticker: +++ 14:03 Bundesregierung: Ausbildung fÃ¼r Leopard 2 startet in wenigen Tagen +++\n\nğŸ”¸ \n \n #politik https://t.co/XIfnyOMu7D
1634205999857819649	Aktuell gibt es einen #Stromausfall in #Ãœhlingen-Birkendorf. Weitere Informationen findet Ihr auf https://t.co/P2FgrYXh0a
1597948155445727234	Ex-EZB-PrÃ¤sident: Inflation wieder unter Kontrolle bringen\xa0\n#Trichet #Inflation #Kontrolle\nSo ist es!\nhttps://t.co/ukR7Hp6kis
1610653092902477828	wie wÃ¤rÂ´s mit einer Debatte fÃ¼r mehr (verbale) Gewalt gegen die Regierung!? \nDas sind die wahren ÃœbeltÃ¤ter, linkes Kommunistengesindel-&gt; Hinweisgebergesetz\nImmer weiter so die Quittung kommt ğŸ‘\nMeine Mistgabel steht poliert bereit
1616684616605212673	Deutschland â€œvertagtâ€ Entsendung von Panzern in die\xa0Ukraine https://t.co/4NoZATeUBU
1620346621056913408	"Es waren wirkliche ""FlÃ¼chtlinge"", u. keine Wirtschaftsmigrantenâ˜ï¸ Habe 1980-1984 vietnam. #Boatpeople betreut: es kamen fast nur Familien, fÃ¼r jede Hilfe dankbar, auch mit engen WohnverhÃ¤ltnissen u. #Sachleistungen zufrieden. Im Gegensatz zu den heutigen Herren (95%ğŸ˜‰) MigrantğŸ¤·\u200dâ™‚ï¸ https://t.co/wFOplh0pam"
1610212364959338497	Fast die HÃ¤lfte des Stroms, der in Deutschland aus der Steckdose kommt, stammte im vergangenen Jahr aus Erneuerbaren Energien, ermittelt @FraunhoferISE . Photovoltaik wÃ¤chst stark, aber auch die Kohle.\nhttps://t.co/nSL3KaGEcg
1618181419205013506	Statt Leopard 2: Friedensverhandlungen vorantreiben! - Alice Weidel - AfD https://t.co/SfXpFqIxEy via @YouTube
1597951605617594368	Warum sagt eigentlich nicht mal jemand der #LetzteGeneration, dass sie sich lieber mal an die BÃ¤ume im Amazonasgebiet kleben sollten? Den Amazonas zu retten, ist viel wichtiger gegen den Klimawandel. #Klimawandel
1595171529150631944	â€Wir haben noch zwei bis drei Jahre, in denen wir den fossilen Pfad der Vernichtung noch verlassen kÃ¶nnen.â€œ\n\nWir alle sind die #LetzteGeneration, die noch verhindern kann, dass sich die #Klimakatastrophe durch #Kipppunkte verselbststÃ¤ndigt.\n\n#ActNow âŒ›ï¸\n\nhttps://t.co/kuoZXuaicI
1611368256987709441	Bericht: CSU im Bundestag fordert MaÃŸnahmen gegen Zuwanderung in Sozialsysteme https://t.co/JVMlus59vT via @Yahoode
1618282367763812364	"Der ""Leopard-2""-Panzer werde den Ukrainern nicht viel nÃ¼tzen, sagt Putins Sprecher Peskow. Doch die Botschaften aus dem Kreml sind durchaus widersprÃ¼chlich. https://t.co/2dqwBqwZjW"
1600747005306863618	Der TÃœV hat 6 #AKW fÃ¼r in Ordnung befunden, um diese am Netz zu haben, doch der Energieminister eiert nur herum.  \n\nWIR HABEN WINTER, ES MUSS JETZT GEHANDELT WERDEN!\n\n#HABECK!\nWILLST DU NOCH MINISTER SEIN, DANN SCHALT ENDLICH DIE MEILER EIN! \n\n#Energiekrise #Energie(w)Ende #Strom
1614023464213696514	Herr Finanzminister:Sie verspekulieren unsere Renten an der AktienbÃ¶rse!Das ist UNGEHEUERLICH!Ich sage Ihnen+dieser Regierung den Kampf direkt an,wenn Sie unsere Renten verspekuliert haben.Sie+die anderen Regierungsmitglieder werde ich REGRESSPFLICHTIGmachen,mit Ihrem eigenen /1
1619693441306222595	Ãœberall entstehen BrÃ¼che, die Gruppierungen verlieren ihren inneren Zusammenhalt, egal ob sich um Linke, Rote, GrÃ¼ne, Konservative, Liberale, Nationalisten, Internationalisten oder wen auch immer handelt. Manche Feindbilder verschwinden, neue entstehen. Die #MultipolaritÃ¤t ist da
1616780080272867328	#uncool @bundeskanzler #FreeTheLeopards oder #Misstrauensvotum #UkrainianShield \n@ABaerbock @MAStrackZi @spdbt @GrueneBundestag @fdpbt \n\n@heutejournal @tagesthemen @DLF\xa0 @welt @ntvde_Politik #WarInUkraine #UkraineKrieg https://t.co/nCzPcPug3O
1608220815249604611	Hm. Wenn @Die_Gruenen sich ranhalten, liefern sie dieses Jahr noch Atombomben an die Ukraine, da kÃ¶nnen sich auch die Deutschen dran freuen, denen Feuerwerksraketen verboten werden ğŸ˜„
1594298028722376710	Genau, klar #Klimawandel, #Klimakrise usw. ist kein Thema in den Medien. Ich sage ja, die GrÃ¼nen &amp; AfD sind zwei Seiten einer Medaille. Warum? Sie kÃ¶nnen sehr gut die Opferrolle &amp; die Medien sind natÃ¼rlich die BÃ¶sen. Unfassbar! Wenn man mal die Pflege so beachten wÃ¼rde. https://t.co/ygdZvnNQtF
1615695544697126917	Ja,das Stimmt!\nğŸ•ŠğŸ•ŠğŸ•ŠğŸ•ŠğŸ•ŠğŸ•ŠğŸ•ŠğŸ•ŠğŸ•ŠğŸ•ŠWenn da Nicht die Pleite ğŸ¦…Regierung WÃ¤hre, mit ihrer Idelogie! https://t.co/NafJEgdjtk
1608219516357562376	Moskau will die 4 eroberten Gebiete behalten\n Â«Es kann keinen Friedensplan fÃ¼r die #Ukraine geben, der nicht die heutigen RealitÃ¤ten auf dem ğŸ‡·ğŸ‡ºTerritorium berÃ¼cksichtigtÂ», sagte Kremlsprecher #Peskow. \n#FckPtn! #FckRUS!\nhttps://t.co/1kQHhxXYhr
1616836485873045504	#FreeTheLeopards bringt keine Wende, es sterben lediglich noch mehr Menschen. Russen und Ukrainer. \nIch weiÃŸ, vielen sind die Russen egal, ja sie lechzen geradezu danach in einen Krieg gegen Russland einzutretenâ€¦ \nAm Ende hissen die Russen wieder die Flagge am Reichstagâ€¦
1622290852587659264	Compact:Â»ElsÃ¤ssers Kriegstagebuch: Kiew will Atomwaffen: Kaum wurden die Panzer fÃ¼r die Ukraine genehmigt, schreien Vertreter des Kiewer Regimes sowie von FDP und SPD nach Kampfflugzeugen und Co. Doch das ist nicht alles: Atomwaffen werden nun insâ€¦ https://t.co/TYZaxgnt1A Â«
1630498549090643975	ğŸ”¶ Greifswald - Attacke gegen OberbÃ¼rgermeister wegen geplanter FlÃ¼chtlingsunterkunft\n\nğŸ”¸ In Greifswald ist ein Protest gegen eine geplante FlÃ¼chtlingsunterkunft eskaliert.\n \n  https://t.co/PJHOpC6HUw
1611726667998760961	Das ist aber fast immer so bei dieser Regierung, die machen was sie wollen!ğŸ™‰ğŸ™ˆğŸ¤¡ https://t.co/oRjl3XbuHk
1594092126518013953	Nur ein Zimmer heizen? Kretschmanns bizzare Heiztipps\n\nhttps://t.co/n6KgKRXCQx https://t.co/cqpvLsitOZ
1616063654599737344	"""Eine tatsÃ¤chlich erfolgreiche, Ã¼ber Symbolpolitik und moralisch grÃ¼ne Westen hinausgehende internationale Klimaschutzpolitik wird der Lackmustest fÃ¼r eine in Zukunft fair gestaltete Globalisierung sein.""\n\nHeiner Flassbeck und Friederike Spiecker spot-on im FREITAG ğŸ’ª https://t.co/4GzqGpUuff"
1613320512830152704	#lanz Bei militÃ¤rischen  Planspielen ist nichts auszuschliessen und mit allem zu rechnen. Jetzt Marder, demnÃ¤chst Leoparden. \nWas kommt danach? Im Herbst 2023 deutsche Soldaten in die Ukraine und Kriegsrecht in Deutschland? Rechnet mal damit. Die MilitÃ¤rs machen es sicher auch.
1609696815942881281	Das kann den Ukraine-Krieg 2023 komplett verÃ¤ndern\nNach Ansicht eines MilitÃ¤rexperten sind genaue Vorhersagen Ã¼ber den Krieg in der Ukraine schwierig.\nâ–ºâ–ºâ–º https://t.co/XIhwL9LoIe\n#politik #medien #b #tv #presse #zeitung #aktuell #journalismus #wirtschaft #information
1599939260249149440	#Russland Westliche #Sanktionen : Russisches #Risiko https://t.co/T85uZNjxSx
1618346706759979008	Ich hÃ¶re Scholz in den Nachrichten zur Entscheidung Leopard 2 sagen : Vertrauen Sie der Bundesregierung. \nUnd wieso macht mir genau das Angst, wenn ich weiÃŸ, welche fÃ¼rchterlichen Entscheidungen im Hinblick auf Corona getroffen werden.\n#keinvertrauenmehr
1632092645202747392	#Rheinmetall \n\nwird die einzige Erfolgsgeschichte dieser Regierung in #Deutschland
1615299761715793920	Heute ab 12:15 Uhr #live vom #Weltwirtschaftsforum: â€A Just Energy Transformationâ€œ â€“ das #KPMG-Panel zu sozialen und Ã¶kologischen Aspekten der #Energiewende. https://t.co/esZjo2VRoM\n\n#wef23 #energy
1612886064469016576	#Mietenkrise, #Energiekrise, #Klimakrise, #Ampel\nEine Folge-Empfehlung ğŸ‘‡\n#Wirzahlennicht https://t.co/fybvW4GSHC
1618222773855473666	Man fÃ¼hlt sich im falschen #Film: Kollektiver #Kriegsjubel in der #Politik Ã¼ber die #VerstÃ¤rkung der #Ostfront mit #Leopard-Kampfpanzern. Eine #GrÃ¼nen-Politikerin dreht besonders ab. #Ukraine #LeopardsAreFree \n\nhttps://t.co/ulbNJPD0JU
1618373016093855753	Deutschland hat die Bestrafung verdient! Die Trampolina erklÃ¤rt, dass wir einen Krieg gegen Russland fÃ¼hren und â€ der sich nichtverinnern kannâ€œ schickt Panzer gegen Russland! Wir sind jetzt Kriegspartei! #AmpelDesGrauensRuecktritt https://t.co/pEmWvLcpDT
1634868404078415873	Ich wuÃŸte spÃ¤testens, aber wirklich allerspÃ¤testens, dass hier etwas fÃ¼r unser Land extrem schÃ¤dliches durchgezogen wird, als ich sah, dass in jeder FlÃ¼chtlingsunterkunft Security benÃ¶tigt wird.
1617436568125415425	Was fÃ¤llt euch auf, in dem Moment, wo der Herr Lackmann ins Bild kommt?\n\nDie #Energiewende ist gescheitert.\n\n#GruenerMist #GruenenInkompetenz https://t.co/aANQDYFKA4
1593853874317795330	1/ Thread #Inflation Teil 1\n\nFÃ¼r mich ist das momentan fÃ¼r die MÃ¤rkte alles entscheidende Thema die Inflation. Damit ist ein mÃ¶glicher #Fed #Pivot eng verknÃ¼pft. Darum sehe ich es als wichtig an, sich mit den MÃ¶glichkeiten der weiteren Inflationsentwicklung zu beschÃ¤ftigen. https://t.co/Hc3K1w2wzz https://t.co/INk97H8SRS
